xxxx;;;;;;;;;;x
wangji;王畿;;;;;;;;;;X
youzhou;幽州;;;;;;;;;;X
bingzhou;并州;;;;;;;;;;X
jizhou;冀州;;;;;;;;;;X
shuofang;朔方;;;;;;;;;;X
qingzhou;青州;;;;;;;;;;X
liangzhou;凉州;;;;;;;;;;X
yizhou;益州;;;;;;;;;;X
yanzhou;兖州;;;;;;;;;;X
yuzhou;豫州;;;;;;;;;;X
xuzhou;徐州;;;;;;;;;;X
yangzhou;扬州;;;;;;;;;;X
jingzhou;荆州;;;;;;;;;;X
jiaozhou;交州;;;;;;;;;;X
liaodong;辽东;;;;;;;;;;X
liaoxi;辽西;;;;;;;;;;X
youbeiping;右北平;;;;;;;;;;X
yuyang;渔阳;;;;;;;;;;X
shanggu;上谷;;;;;;;;;;X
guangyang;广阳;;;;;;;;;;X
daijun;代郡;;;;;;;;;;X
yanmen;雁门;;;;;;;;;;X
taiyuan;太原;;;;;;;;;;X
hedong;河东;;;;;;;;;;X
shangdang;上党;;;;;;;;;;X
hengshan1;恒山;;;;;;;;;;X
handan;邯郸;;;;;;;;;;X
julu;巨鹿;;;;;;;;;;X
yunzhong;云中;;;;;;;;;;X
jiuyuan;九原;;;;;;;;;;X
shangjun;上郡;;;;;;;;;;X
beidijun;北地;;;;;;;;;;X
jibei;济北;;;;;;;;;;X
linzi;临淄;;;;;;;;;;X
jiaodong;胶东;;;;;;;;;;X
fufeng;扶风;;;;;;;;;;X
fengyi;冯翊;;;;;;;;;;X
henan;河南;;;;;;;;;;X
henei;河内;;;;;;;;;;X
longxi;陇西;;;;;;;;;;X
hanzhong;汉中;;;;;;;;;;X
shujun;蜀郡;;;;;;;;;;X
bajun;巴郡;;;;;;;;;;X
dongjun;东郡;;;;;;;;;;X
xuejun;薛郡;;;;;;;;;;X
dangjun;砀郡;;;;;;;;;;X
yingchuan;颍川;;;;;;;;;;X
chenjun;陈郡;;;;;;;;;;X
sishui;泗水;;;;;;;;;;X
langya;琅琊;;;;;;;;;;X
donghai;东海;;;;;;;;;;X
linhuai;临淮;;;;;;;;;;X
jiujiang;九江;;;;;;;;;;X
kuaiji;会稽;;;;;;;;;;X
danyang;丹阳;;;;;;;;;;X
lujiang;庐江;;;;;;;;;;X
minzhong;闽中;;;;;;;;;;X
nanyang;南阳;;;;;;;;;;X
nanjun;南郡;;;;;;;;;;X
hengshan2;衡山;;;;;;;;;;X
changsha;长沙;;;;;;;;;;X
qianzhong;黔中;;;;;;;;;;X
nanhai;南海;;;;;;;;;;X
guilin;桂林;;;;;;;;;;X
jiaozhi;交趾;;;;;;;;;;X
chaoxian1;朝鲜;;;;;;;;;;X
hexi;河西;;;;;;;;;;X
huangman;荒蛮之地;;;;;;;;;;X
beixiyu;北西域;;;;;;;;;;X
nanxiyu;南西域;;;;;;;;;;X
fusang;扶桑;;;;;;;;;;X
nandao;南岛;;;;;;;;;;X
PROV1;沓氏;;;;;;;;;x
PROV2;文邑;;;;;;;;;x
PROV3;西安平;;;;;;;;;x
PROV4;武次;;;;;;;;;x
PROV5;襄平;;;;;;;;;x
PROV6;候城;;;;;;;;;x
PROV7;房县;;;;;;;;;x
PROV8;屠何;;;;;;;;;x
PROV9;阳乐;;;;;;;;;x
PROV10;柳城;;;;;;;;;x
PROV11;孤竹;;;;;;;;;x
PROV12;令支;;;;;;;;;x
PROV13;海阳;;;;;;;;;x
PROV14;平刚;;;;;;;;;x
PROV15;白狼;;;;;;;;;x
PROV16;徐无;;;;;;;;;x
PROV17;无终;;;;;;;;;x
PROV18;昌城;;;;;;;;;x
PROV19;要阳;;;;;;;;;x
PROV20;滑盐;;;;;;;;;x
PROV21;渔阳;;;;;;;;;x
PROV22;平谷;;;;;;;;;x
PROV23;路邑;;;;;;;;;x
PROV24;雍奴;;;;;;;;;x
PROV25;泉州;;;;;;;;;x
PROV26;纲成;;;;;;;;;x
PROV27;女祁;;;;;;;;;x
PROV28;居庸;;;;;;;;;x
PROV29;昌平;;;;;;;;;x
PROV30;沮阳;;;;;;;;;x
PROV31;涿鹿;;;;;;;;;x
PROV32;蓟;;;;;;;;;x
PROV33;西乡;;;;;;;;;x
PROV34;涿;;;;;;;;;x
PROV35;方城;;;;;;;;;x
PROV36;安次;;;;;;;;;x
PROV37;临易;;;;;;;;;x
PROV38;武阳;;;;;;;;;x
PROV39;范阳;;;;;;;;;x
PROV40;广昌;;;;;;;;;x
PROV41;灵丘;;;;;;;;;x
PROV42;代;;;;;;;;;x
PROV43;高柳;;;;;;;;;x
PROV44;班氏;;;;;;;;;x
PROV45;平邑;;;;;;;;;x
PROV46;延陵;;;;;;;;;x
PROV47;平城;;;;;;;;;x
PROV48;善无;;;;;;;;;x
PROV49;武周;;;;;;;;;x
PROV50;楼烦;;;;;;;;;x
PROV51;繁;;;;;;;;;x
PROV52;剧阳;;;;;;;;;x
PROV53;强阴;;;;;;;;;x
PROV54;霍人;;;;;;;;;x
PROV55;阳曲;;;;;;;;;x
PROV56;汾阳;;;;;;;;;x
PROV57;临水;;;;;;;;;x
PROV58;离石;;;;;;;;;x
PROV59;仇由;;;;;;;;;x
PROV60;盂;;;;;;;;;x
PROV61;晋阳;;;;;;;;;x
PROV62;祁;;;;;;;;;x
PROV63;邬;;;;;;;;;x
PROV64;瓜衍;;;;;;;;;x
PROV65;魏榆;;;;;;;;;x
PROV66;蒲;;;;;;;;;x
PROV67;屈;;;;;;;;;x
PROV68;彘;;;;;;;;;x
PROV69;黄父;;;;;;;;;x
PROV70;杨;;;;;;;;;x
PROV71;平阳;;;;;;;;;x
PROV72;翼;;;;;;;;;x
PROV73;绛;;;;;;;;;x
PROV74;韩;;;;;;;;;x
PROV75;曲沃;;;;;;;;;x
PROV76;智;;;;;;;;;x
PROV77;魏;;;;;;;;;x
PROV78;虞;;;;;;;;;x
PROV79;安邑;;;;;;;;;x
PROV80;王垣;;;;;;;;;x
PROV81;盖与;;;;;;;;;x
PROV82;铜L;;;;;;;;;x
PROV83;壶口;;;;;;;;;x
PROV84;潞氏;;;;;;;;;x
PROV85;留吁;;;;;;;;;x
PROV86;长平;;;;;;;;;x
PROV87;伊氏;;;;;;;;;x
PROV88;高都;;;;;;;;;x
PROV89;长子;;;;;;;;;x
PROV90;铎辰;;;;;;;;;x
PROV91;逆;;;;;;;;;x
PROV92;恒山;;;;;;;;;x
PROV93;顾;;;;;;;;;x
PROV94;灵寿;;;;;;;;;x
PROV95;元氏;;;;;;;;;x
PROV96;昔阳;;;;;;;;;x
PROV97;东垣;;;;;;;;;x
PROV98;肥;;;;;;;;;x
PROV99;曲阳;;;;;;;;;x
PROV100;井陉;;;;;;;;;x
PROV101;z;;;;;;;;;x
PROV102;高阳;;;;;;;;;x
PROV103;饶;;;;;;;;;x
PROV104;安平;;;;;;;;;x
PROV105;河间;;;;;;;;;x
PROV106;东武城;;;;;;;;;x
PROV107;观津;;;;;;;;;x
PROV108;扶柳;;;;;;;;;x
PROV109;章武;;;;;;;;;x
PROV110;文安;;;;;;;;;x
PROV111;巨鹿;;;;;;;;;x
PROV112;邯郸;;;;;;;;;x
PROV113;信都;;;;;;;;;x
PROV114;柏人;;;;;;;;;x
PROV115;冠氏;;;;;;;;;x
PROV116;武安;;;;;;;;;x
PROV117;曲梁;;;;;;;;;x
PROV118;邺;;;;;;;;;x
PROV119;广阿;;;;;;;;;x
PROV120;列人;;;;;;;;;x
PROV121;南和;;;;;;;;;x
PROV122;清河;;;;;;;;;x
PROV123;五鹿;;;;;;;;;x
PROV124;朝歌;;;;;;;;;x
PROV125;温;;;;;;;;;x
PROV126;凡;;;;;;;;;x
PROV127;野王;;;;;;;;;x
PROV128;轵;;;;;;;;;x
PROV129;河阳;;;;;;;;;x
PROV130;安阳;;;;;;;;;x
PROV131;中牟;;;;;;;;;x
PROV132;山阳;;;;;;;;;x
PROV133;宁;;;;;;;;;x
PROV134;共;;;;;;;;;x
PROV135;南舆;;;;;;;;;x
PROV136;成乐;;;;;;;;;x
PROV137;云中;;;;;;;;;x
PROV138;原阳;;;;;;;;;x
PROV139;定襄;;;;;;;;;x
PROV140;五原;;;;;;;;;x
PROV141;西安阳;;;;;;;;;x
PROV142;河阴;;;;;;;;;x
PROV143;临河;;;;;;;;;x
PROV144;临戎;;;;;;;;;x
PROV145;朔方;;;;;;;;;x
PROV146;曼柏;;;;;;;;;x
PROV147;肤施;;;;;;;;;x
PROV148;平定;;;;;;;;;x
PROV149;平都;;;;;;;;;x
PROV150;高奴;;;;;;;;;x
PROV151;定阳;;;;;;;;;x
PROV152;雕阴;;;;;;;;;x
PROV153;阳周;;;;;;;;;x
PROV154;奢延;;;;;;;;;x
PROV155;近塞;;;;;;;;;x
PROV156;萧关;;;;;;;;;x
PROV157;廉;;;;;;;;;x
PROV158;灵武;;;;;;;;;x
PROV159;朐衍;;;;;;;;;x
PROV160;大成;;;;;;;;;x
PROV161;河套;;;;;;;;;x
PROV162;高望;;;;;;;;;x
PROV163;归德;;;;;;;;;x
PROV164;朝那;;;;;;;;;x
PROV165;乌氏;;;;;;;;;x
PROV166;祖厉;;;;;;;;;x
PROV167;郁郅;;;;;;;;;x
PROV168;高平;;;;;;;;;x
PROV169;义渠;;;;;;;;;x
PROV170;o;;;;;;;;;x
PROV171;冀;;;;;;;;;x
PROV172;绵诸;;;;;;;;;x
PROV173;西垂;;;;;;;;;x
PROV174;⒑;;;;;;;;;x
PROV175;狄道;;;;;;;;;x
PROV176;临洮;;;;;;;;;x
PROV177;下辨;;;;;;;;;x
PROV178;吴阳;;;;;;;;;x
PROV179;雍;;;;;;;;;x
PROV180;陈仓;;;;;;;;;x
PROV181;天水;;;;;;;;;x
PROV182;金城;;;;;;;;;x
PROV183;首阳;;;;;;;;;x
PROV184;氐道;;;;;;;;;x
PROV185;河池;;;;;;;;;x
PROV186;共;;;;;;;;;x
PROV187;阴密;;;;;;;;;x
PROV188;安武;;;;;;;;;x
PROV189;泥阳;;;;;;;;;x
PROV190;上;;;;;;;;;x
PROV191;镐;;;;;;;;;x
PROV192;岐周;;;;;;;;;x
PROV193;杜阳;;;;;;;;;x
PROV194;中南山;;;;;;;;;x
PROV195;丰;;;;;;;;;x
PROV196;泾阳;;;;;;;;;x
PROV197;咸阳;;;;;;;;;x
PROV198;高陵;;;;;;;;;x
PROV199;栎阳;;;;;;;;;x
PROV200;彭衙;;;;;;;;;x
PROV201;少梁;;;;;;;;;x
PROV202;大荔;;;;;;;;;x
PROV203;征;;;;;;;;;x
PROV204;郑;;;;;;;;;x
PROV205;频阳;;;;;;;;;x
PROV206;好;;;;;;;;;x
PROV207;蓝田;;;;;;;;;x
PROV208;於商;;;;;;;;;x
PROV209;豳;;;;;;;;;x
PROV210;漆;;;;;;;;;x
PROV211;武功;;;;;;;;;x
PROV212;骊山;;;;;;;;;x
PROV213;甘泉;;;;;;;;;x
PROV214;上洛;;;;;;;;;x
PROV215;重泉;;;;;;;;;x
PROV216;合阳;;;;;;;;;x
PROV217;武关;;;;;;;;;x
PROV218;武成;;;;;;;;;x
PROV219;南郑;;;;;;;;;x
PROV220;阴平;;;;;;;;;x
PROV221;武都;;;;;;;;;x
PROV222;城固;;;;;;;;;x
PROV223;西城;;;;;;;;;x
PROV224;旬阳;;;;;;;;;x
PROV225;庸;;;;;;;;;x
PROV226;防诸;;;;;;;;;x
PROV227;沔阳;;;;;;;;;x
PROV228;郧关;;;;;;;;;x
PROV229;子午谷;;;;;;;;;x
PROV230;葭萌;;;;;;;;;x
PROV231;梓潼;;;;;;;;;x
PROV232;成都;;;;;;;;;x
PROV233;南武阳;;;;;;;;;x
PROV234;湔氐;;;;;;;;;x
PROV235;郫;;;;;;;;;x
PROV236;临邛;;;;;;;;;x
PROV237;严道;;;;;;;;;x
PROV238;犍为;;;;;;;;;x
PROV239;白水;;;;;;;;;x
PROV240;绵竹;;;;;;;;;x
PROV241;汶江;;;;;;;;;x
PROV242;资中;;;;;;;;;x
PROV243;妻邑;;;;;;;;;x
PROV244;巫;;;;;;;;;x
PROV245;朐忍;;;;;;;;;x
PROV246;宕渠;;;;;;;;;x
PROV247;枳;;;;;;;;;x
PROV248;巴;;;;;;;;;x
PROV249;青川;;;;;;;;;x
PROV250;充国;;;;;;;;;x
PROV251;江阳;;;;;;;;;x
PROV252;涪陵;;;;;;;;;x
PROV253;临江;;;;;;;;;x
PROV254;浮阳;;;;;;;;;x
PROV255;南皮;;;;;;;;;x
PROV256;无棣;;;;;;;;;x
PROV257;鬲;;;;;;;;;x
PROV258;平原;;;;;;;;;x
PROV259;千乘;;;;;;;;;x
PROV260;厌次;;;;;;;;;x
PROV261;祝阿;;;;;;;;;x
PROV262;夷仪;;;;;;;;;x
PROV263;高唐;;;;;;;;;x
PROV264;牟;;;;;;;;;x
PROV265;临淄;;;;;;;;;x
PROV266;昌国;;;;;;;;;x
PROV267;博昌;;;;;;;;;x
PROV268;谭;;;;;;;;;x
PROV269;历下;;;;;;;;;x
PROV270;麦丘;;;;;;;;;x
PROV271;平阴;;;;;;;;;x
PROV272;临朐;;;;;;;;;x
PROV273;阿;;;;;;;;;x
PROV274;贝丘;;;;;;;;;x
PROV275;博;;;;;;;;;x
PROV276;汶阳;;;;;;;;;x
PROV277;剧;;;;;;;;;x
PROV278;淳于;;;;;;;;;x
PROV279;密;;;;;;;;;x
PROV280;缘陵;;;;;;;;;x
PROV281;夷维;;;;;;;;;x
PROV282;即墨;;;;;;;;;x
PROV283;夜;;;;;;;;;x
PROV284;介根;;;;;;;;;x
PROV285;无娄;;;;;;;;;x
PROV286;不其;;;;;;;;;x
PROV287;夷;;;;;;;;;x
PROV288;邹卢;;;;;;;;;x
PROV289;黄;;;;;;;;;x
PROV290;D;;;;;;;;;x
PROV291;成山;;;;;;;;;x
PROV292;观阳;;;;;;;;;x
PROV293;曲阜;;;;;;;;;x
PROV294;琅琊;;;;;;;;;x
PROV295;邹;;;;;;;;;x
PROV296;滕;;;;;;;;;x
PROV297;薛;;;;;;;;;x
PROV298;莒;;;;;;;;;x
PROV299;费;;;;;;;;;x
PROV300;开阳;;;;;;;;;x
PROV301;郯;;;;;;;;;x
PROV302;陶丘;;;;;;;;;x
PROV303;J;;;;;;;;;x
PROV304;平阳;;;;;;;;;x
PROV305;;;;;;;;;;x
PROV306;盖;;;;;;;;;x
PROV307;蒙;;;;;;;;;x
PROV308;向;;;;;;;;;x
PROV309;任;;;;;;;;;x
PROV310;卞;;;;;;;;;x
PROV311;范;;;;;;;;;x
PROV312;单父;;;;;;;;;x
PROV313;城濮;;;;;;;;;x
PROV314;缗;;;;;;;;;x
PROV315;平陆;;;;;;;;;x
PROV316;纪鄣;;;;;;;;;x
PROV317;防;;;;;;;;;x
PROV318;南武城;;;;;;;;;x
PROV319;逼阳;;;;;;;;;x
PROV320;郓;;;;;;;;;x
PROV321;郜;;;;;;;;;x
PROV322;茅;;;;;;;;;x
PROV323;楚丘;;;;;;;;;x
PROV324;商丘;;;;;;;;;x
PROV325;外黄;;;;;;;;;x
PROV326;焦;;;;;;;;;x
PROV327;萧;;;;;;;;;x
PROV328;彭城;;;;;;;;;x
PROV329;下邳;;;;;;;;;x
PROV330;徐;;;;;;;;;x
PROV331;钟吾;;;;;;;;;x
PROV332;相;;;;;;;;;x
PROV333;赣榆;;;;;;;;;x
PROV334;朐;;;;;;;;;x
PROV335;砀;;;;;;;;;x
PROV336;R;;;;;;;;;x
PROV337;海西;;;;;;;;;x
PROV338;符离;;;;;;;;;x
PROV339;下相;;;;;;;;;x
PROV340;蕲;;;;;;;;;x
PROV341;下蔡;;;;;;;;;x
PROV342;沛;;;;;;;;;x
PROV343;曲阳;;;;;;;;;x
PROV344;城父;;;;;;;;;x
PROV345;雍丘;;;;;;;;;x
PROV346;承匡;;;;;;;;;x
PROV347;户牖;;;;;;;;;x
PROV348;上阳;;;;;;;;;x
PROV349;函谷;;;;;;;;;x
PROV350;渑池;;;;;;;;;x
PROV351;成周;;;;;;;;;x
PROV352;费滑;;;;;;;;;x
PROV353;巩;;;;;;;;;x
PROV354;虎牢;;;;;;;;;x
PROV355;管;;;;;;;;;x
PROV356;新郑;;;;;;;;;x
PROV357;新密;;;;;;;;;x
PROV358;大梁;;;;;;;;;x
PROV359;濮阳;;;;;;;;;x
PROV360;顿丘;;;;;;;;;x
PROV361;南燕;;;;;;;;;x
PROV362;桂陵;;;;;;;;;x
PROV363;平丘;;;;;;;;;x
PROV364;衡雍;;;;;;;;;x
PROV365;鄢陵;;;;;;;;;x
PROV366;宜阳;;;;;;;;;x
PROV367;新城;;;;;;;;;x
PROV368;阳城;;;;;;;;;x
PROV369;阳翟;;;;;;;;;x
PROV370;郾;;;;;;;;;x
PROV371;析;;;;;;;;;x
PROV372;卢氏;;;;;;;;;x
PROV373;南梁;;;;;;;;;x
PROV374;襄城;;;;;;;;;x
PROV375;叶;;;;;;;;;x
PROV376;鲁阳;;;;;;;;;x
PROV377;应;;;;;;;;;x
PROV378;阳陵;;;;;;;;;x
PROV379;舞阳;;;;;;;;;x
PROV380;榆关;;;;;;;;;x
PROV381;商密;;;;;;;;;x
PROV382;宛;;;;;;;;;x
PROV383;穰;;;;;;;;;x
PROV384;蓼;;;;;;;;;x
PROV385;陈;;;;;;;;;x
PROV386;黄;;;;;;;;;x
PROV387;方城;;;;;;;;;x
PROV388;上蔡;;;;;;;;;x
PROV389;新蔡;;;;;;;;;x
PROV390;郦;;;;;;;;;x
PROV391;城阳;;;;;;;;;x
PROV392;阳夏;;;;;;;;;x
PROV393;苦;;;;;;;;;x
PROV394;顿;;;;;;;;;x
PROV395;房;;;;;;;;;x
PROV396;巨阳;;;;;;;;;x
PROV397;胡;;;;;;;;;x
PROV398;稷;;;;;;;;;x
PROV399;安城;;;;;;;;;x
PROV400;息;;;;;;;;;x
PROV401;鹿上;;;;;;;;;x
PROV402;蒋;;;;;;;;;x
PROV403;慎;;;;;;;;;x
PROV404;訾梁;;;;;;;;;x
PROV405;海陵;;;;;;;;;x
PROV406;广陵;;;;;;;;;x
PROV407;棠;;;;;;;;;x
PROV408;淮阴;;;;;;;;;x
PROV409;盱眙;;;;;;;;;x
PROV410;卑梁;;;;;;;;;x
PROV411;钟离;;;;;;;;;x
PROV412;六;;;;;;;;;x
PROV413;随;;;;;;;;;x
PROV414;昭关;;;;;;;;;x
PROV415;舒鸠;;;;;;;;;x
PROV416;舒;;;;;;;;;x
PROV417;巢;;;;;;;;;x
PROV418;桐;;;;;;;;;x
PROV419;龙舒;;;;;;;;;x
PROV420;寿春;;;;;;;;;x
PROV421;射阳;;;;;;;;;x
PROV422;英氏;;;;;;;;;x
PROV423;琐;;;;;;;;;x
PROV424;合肥;;;;;;;;;x
PROV425;东城;;;;;;;;;x
PROV426;湖陵;;;;;;;;;x
PROV427;庸浦;;;;;;;;;x
PROV428;鸠兹;;;;;;;;;x
PROV429;朱方;;;;;;;;;x
PROV430;云阳;;;;;;;;;x
PROV431;延陵;;;;;;;;;x
PROV432;奄;;;;;;;;;x
PROV433;娄;;;;;;;;;x
PROV434;姑苏;;;;;;;;;x
PROV435;武原;;;;;;;;;x
PROV436;陉;;;;;;;;;x
PROV437;御儿;;;;;;;;;x
PROV438;会稽;;;;;;;;;x
PROV439;鄞;;;;;;;;;x
PROV440;句无;;;;;;;;;x
PROV441;姑蔑;;;;;;;;;x
PROV442;句章;;;;;;;;;x
PROV443;甬句东;;;;;;;;;x
PROV444;於潜;;;;;;;;;x
PROV445;爰陵;;;;;;;;;x
PROV446;陵阳;;;;;;;;;x
PROV447;秣陵;;;;;;;;;x
PROV448;丹阳;;;;;;;;;x
PROV449;无锡;;;;;;;;;x
PROV450;钱唐;;;;;;;;;x
PROV451;乌伤;;;;;;;;;x
PROV452;诸暨;;;;;;;;;x
PROV453;菰城;;;;;;;;;x
PROV454;阳羡;;;;;;;;;x
PROV455;故鄣;;;;;;;;;x
PROV456;歙;;;;;;;;;x
PROV457;黟;;;;;;;;;x
PROV458;夷城;;;;;;;;;x
PROV459;绞;;;;;;;;;x
PROV460;b;;;;;;;;;x
PROV461;邓;;;;;;;;;x
PROV462;鄢;;;;;;;;;x
PROV463;e;;;;;;;;;x
PROV464;夔;;;;;;;;;x
PROV465;津;;;;;;;;;x
PROV466;郢;;;;;;;;;x
PROV467;权;;;;;;;;;x
PROV468;京山;;;;;;;;;x
PROV469;唐;;;;;;;;;x
PROV470;郧;;;;;;;;;x
PROV471;轸;;;;;;;;;x
PROV472;贰;;;;;;;;;x
PROV473;州;;;;;;;;;x
PROV474;夷陵;;;;;;;;;x
PROV475;夏;;;;;;;;;x
PROV476;鄂;;;;;;;;;x
PROV477;云杜;;;;;;;;;x
PROV478;南邾;;;;;;;;;x
PROV479;西陵;;;;;;;;;x
PROV480;沮漳;;;;;;;;;x
PROV481;沙羡;;;;;;;;;x
PROV482;竟陵;;;;;;;;;x
PROV483;酉原山;;;;;;;;;x
PROV484;华容;;;;;;;;;x
PROV485;沈鹿;;;;;;;;;x
PROV486;汨罗;;;;;;;;;x
PROV487;涔阳;;;;;;;;;x
PROV488;高蔡;;;;;;;;;x
PROV489;溆浦;;;;;;;;;x
PROV490;辰阳;;;;;;;;;x
PROV491;镡城;;;;;;;;;x
PROV492;无假;;;;;;;;;x
PROV493;长沙;;;;;;;;;x
PROV494;衡山;;;;;;;;;x
PROV495;庞;;;;;;;;;x
PROV496;鄙;;;;;;;;;x
PROV497;临武;;;;;;;;;x
PROV498;彭泽;;;;;;;;;x
PROV499;艾;;;;;;;;;x
PROV500;敷浅原;;;;;;;;;x
PROV501;余干;;;;;;;;;x
PROV502;南野;;;;;;;;;x
PROV503;沅陵;;;;;;;;;x
PROV504;耒阳;;;;;;;;;x
PROV505;郴;;;;;;;;;x
PROV506;庐陵;;;;;;;;;x
PROV507;番阳;;;;;;;;;x
PROV508;夫夷;;;;;;;;;x
PROV509;苍梧;;;;;;;;;x
PROV510;南昌;;;;;;;;;x
PROV511;柴桑;;;;;;;;;x
PROV512;宜春;;;;;;;;;x
PROV513;南城;;;;;;;;;x
PROV514;雩都;;;;;;;;;x
PROV515;临海;;;;;;;;;x
PROV516;章安;;;;;;;;;x
PROV517;永宁;;;;;;;;;x
PROV518;平昌;;;;;;;;;x
PROV519;建安;;;;;;;;;x
PROV520;东冶;;;;;;;;;x
PROV521;将乐;;;;;;;;;x
PROV522;南平;;;;;;;;;x
PROV523;东安;;;;;;;;;x
PROV524;什罗;;;;;;;;;x
PROV525;北夷州;;;;;;;;;x
PROV526;南夷州;;;;;;;;;x
PROV527;缚娄;;;;;;;;;x
PROV528;阳禺;;;;;;;;;x
PROV529;厉门;;;;;;;;;x
PROV530;龙川;;;;;;;;;x
PROV531;番禺;;;;;;;;;x
PROV532;中留;;;;;;;;;x
PROV533;临尘;;;;;;;;;x
PROV534;零陵;;;;;;;;;x
PROV535;四会;;;;;;;;;x
PROV536;揭阳;;;;;;;;;x
PROV537;曲江;;;;;;;;;x
PROV538;高凉;;;;;;;;;x
PROV539;广信;;;;;;;;;x
PROV540;徐闻;;;;;;;;;x
PROV541;儋耳;;;;;;;;;x
PROV542;珠崖;;;;;;;;;x
PROV543;合浦;;;;;;;;;x
PROV544;广郁;;;;;;;;;x
PROV545;领方;;;;;;;;;x
PROV546;定周;;;;;;;;;x
PROV547;;;;;;;;;;x
PROV548;;;;;;;;;;x
PROV549;汉阳;;;;;;;;;x
PROV550;夜郎;;;;;;;;;x
PROV551;平夷;;;;;;;;;x
PROV552;毋敛;;;;;;;;;x
PROV553;朱提;;;;;;;;;x
PROV554;邛都;;;;;;;;;x
PROV555;大g;;;;;;;;;x
PROV556;灵关;;;;;;;;;x
PROV557;会无;;;;;;;;;x
PROV558;姑复;;;;;;;;;x
PROV559;比苏;;;;;;;;;x
PROV560;不韦;;;;;;;;;x
PROV561;哀牢;;;;;;;;;x
PROV562;云南;;;;;;;;;x
PROV563;味;;;;;;;;;x
PROV564;漏江;;;;;;;;;x
PROV565;西随;;;;;;;;;x
PROV566;连然;;;;;;;;;x
PROV567;滇池;;;;;;;;;x
PROV568;贲古;;;;;;;;;x
PROV569;永寿;;;;;;;;;x
PROV570;南涪;;;;;;;;;x
PROV571;交趾;;;;;;;;;x
PROV572;龙编;;;;;;;;;x
PROV573;九真;;;;;;;;;x
PROV574;允吾;;;;;;;;;x
PROV575;临羌;;;;;;;;;x
PROV576;鹑阴;;;;;;;;;x
PROV577;姑臧;;;;;;;;;x
PROV578;武威;;;;;;;;;x
PROV579;番和;;;;;;;;;x
PROV580;张掖;;;;;;;;;x
PROV581;酒泉;;;;;;;;;x
PROV582;居延;;;;;;;;;x
PROV583;玉门;;;;;;;;;x
PROV584;敦煌;;;;;;;;;x
PROV585;会水;;;;;;;;;x
PROV586;冥安;;;;;;;;;x
PROV587;山川丛林;;;;;;;;;x
PROV588;东北;;;;;;;;;x
PROV589;匈奴;;;;;;;;;x
PROV590;俄罗斯;;;;;;;;;x
PROV591;中亚;;;;;;;;;x
PROV592;皮山;;;;;;;;;x
PROV593;南亚;;;;;;;;;x
PROV594;吐蕃;;;;;;;;;x
PROV595;东南亚;;;;;;;;;x
PROV596;未知之海32;;;;;;;;;x
PROV597;辽东湾;;;;;;;;;x
PROV598;辽西沿海;;;;;;;;;x
PROV599;渤海湾;;;;;;;;;x
PROV600;莱州湾;;;;;;;;;x
PROV601;辽东沿海;;;;;;;;;x
PROV602;西朝鲜湾;;;;;;;;;x
PROV603;东莱海;;;;;;;;;x
PROV604;成山头;;;;;;;;;x
PROV605;琅琊海;;;;;;;;;x
PROV606;郁洲山;;;;;;;;;x
PROV607;长江口;;;;;;;;;x
PROV608;浙江口;;;;;;;;;x
PROV609;东海湾;;;;;;;;;x
PROV610;夷洲海峡;;;;;;;;;x
PROV611;广州湾;;;;;;;;;x
PROV612;珠崖海;;;;;;;;;x
PROV613;交州湾;;;;;;;;;x
PROV614;彭蠡泽;;;;;;;;;x
PROV615;具区泽;;;;;;;;;x
PROV616;太行山;;;;;;;;;x
PROV617;吕梁山;;;;;;;;;x
PROV618;终南山;;;;;;;;;x
PROV619;大巴山;;;;;;;;;x
PROV620;华山;;;;;;;;;x
PROV621;泰山;;;;;;;;;x
PROV622;武夷山;;;;;;;;;x
PROV623;江水入海;;;;;;;;;x
PROV624;九江下游;;;;;;;;;x
PROV625;彭蠡沿岸;;;;;;;;;x
PROV626;九江上游;;;;;;;;;x
PROV627;云梦泽;;;;;;;;;x
PROV628;洞庭;;;;;;;;;x
PROV629;汉水;;;;;;;;;x
PROV630;巫峡;;;;;;;;;x
PROV631;巨淀;;;;;;;;;x
PROV632;蓬莱岛;;;;;;;;;x
PROV633;仙境神域;;;;;;;;;x
PROV634;大野泽;;;;;;;;;x
PROV635;巨鹿泽;;;;;;;;;x
PROV636;荥泽;;;;;;;;;x
PROV637;青海南;;;;;;;;;x
PROV638;青海北;;;;;;;;;x
PROV639;青海湖;;;;;;;;;x
PROV640;西康;;;;;;;;;x
PROV641;阿里;;;;;;;;;x
PROV642;羌塘西;;;;;;;;;x
PROV643;羌塘中;;;;;;;;;x
PROV644;山南;;;;;;;;;x
PROV645;羌塘东;;;;;;;;;x
PROV646;湖泊;;;;;;;;;x
PROV647;外东北;;;;;;;;;x
PROV648;外西域;;;;;;;;;x
PROV649;吐蕃甲区;;;;;;;;;x
PROV650;吐蕃乙区;;;;;;;;;x
PROV651;吐蕃丙区;;;;;;;;;x
PROV652;吐蕃丁区;;;;;;;;;x
PROV653;吐蕃戊区;;;;;;;;;x
PROV654;吐蕃己区;;;;;;;;;x
PROV655;吐蕃庚区;;;;;;;;;x
PROV656;吐蕃辛区;;;;;;;;;x
PROV657;吐蕃壬区;;;;;;;;;x
PROV658;吐蕃癸区;;;;;;;;;x
PROV659;西康甲区;;;;;;;;;x
PROV660;西康乙区;;;;;;;;;x
PROV661;西康丙区;;;;;;;;;x
PROV662;西康丁区;;;;;;;;;x
PROV663;西沙群岛海岸;;;;;;;;;x
PROV664;玄菟;;;;;;;;;x
PROV665;吕宋海峡;;;;;;;;;x
PROV666;吕宋海岸;;;;;;;;;x
PROV667;暹罗湾西岸;;;;;;;;;x
PROV668;暹罗湾东岸;;;;;;;;;x
PROV669;朝鲜临近海岸;;;;;;;;;x
PROV670;未知海域1;;;;;;;;;x
PROV671;吕宋近海;;;;;;;;;x
PROV672;未知海域2;;;;;;;;;x
PROV673;未知海域3;;;;;;;;;x
PROV674;未知海域4;;;;;;;;;x
PROV675;未知海域5;;;;;;;;;x
PROV676;未知海域6;;;;;;;;;x
PROV677;未知海域7;;;;;;;;;x
PROV678;未知海域8;;;;;;;;;x
PROV679;未知海域9;;;;;;;;;x
PROV681;未知海域10;;;;;;;;;x
PROV682;未知海域11;;;;;;;;;x
PROV683;未知海域12;;;;;;;;;x
PROV684;未知海域13;;;;;;;;;x
PROV685;未知海域14;;;;;;;;;x
PROV686;未知海域15;;;;;;;;;x
PROV687;未知海域16;;;;;;;;;x
PROV688;未知海域17;;;;;;;;;x
PROV689;未知海域18;;;;;;;;;x
PROV690;未知海域19;;;;;;;;;x
PROV691;未知海域20;;;;;;;;;x
PROV692;未知海域21;;;;;;;;;x
PROV693;未知海域22;;;;;;;;;x
PROV694;未知海域23;;;;;;;;;x
PROV695;未知海域24;;;;;;;;;x
PROV696;未知海域25;;;;;;;;;x
PROV697;日本海;;;;;;;;;x
PROV698;未知海域26;;;;;;;;;x
PROV699;未知海域27;;;;;;;;;x
PROV700;未知海域28;;;;;;;;;x
PROV701;未知海域29;;;;;;;;;x
PROV702;未知海域30;;;;;;;;;x
PROV703;未知海域31;;;;;;;;;x
PROV704;未知海域32;;;;;;;;;x
PROV705;北天竺;;;;;;;;;x
PROV706;中北天竺;;;;;;;;;x
PROV707;西天竺;;;;;;;;;x
PROV708;中西天竺;;;;;;;;;x
PROV709;下西天竺;;;;;;;;;x
PROV710;西南天竺;;;;;;;;;x
PROV711;南天竺;;;;;;;;;x
PROV712;东南天竺;;;;;;;;;x
PROV713;上北天竺;;;;;;;;;x
PROV714;上南天竺;;;;;;;;;x
PROV715;孟加拉;;;;;;;;;x
PROV716;东天竺;;;;;;;;;x
PROV717;中东天竺;;;;;;;;;x
PROV718;东北天竺;;;;;;;;;x
PROV719;上东南天竺;;;;;;;;;x
PROV720;上南天竺;;;;;;;;;x
PROV721;中天竺;;;;;;;;;x
PROV722;中上天竺;;;;;;;;;x
PROV723;中部天竺;;;;;;;;;x
PROV724;难兜;;;;;;;;;x
PROV725;长白;;;;;;;;;x
PROV726;尉犁;;;;;;;;;x
PROV727;S羌;;;;;;;;;x
PROV728;兴凯湖;;;;;;;;;x
PROV729;肃慎;;;;;;;;;x
PROV730;南荒甲地;;;;;;;;;x
PROV731;南荒乙地;;;;;;;;;x
PROV732;南荒丙地;;;;;;;;;x
PROV733;南荒丁地;;;;;;;;;x
PROV734;南荒戍地;;;;;;;;;x
PROV735;中东甲地;;;;;;;;;x
PROV736;中东乙地;;;;;;;;;x
PROV737;中东丙地;;;;;;;;;x
PROV738;中东丁地;;;;;;;;;x
PROV739;罗刹国甲地;;;;;;;;;x
PROV740;罗刹国乙地;;;;;;;;;x
PROV741;罗刹国丙地;;;;;;;;;x
PROV742;罗刹国丁地;;;;;;;;;x
PROV743;罗刹国戍地;;;;;;;;;x
PROV744;罗刹国己地;;;;;;;;;x
PROV745;罗刹国庚地;;;;;;;;;x
PROV746;罗刹国辛地;;;;;;;;;x
PROV747;罗刹国壬地;;;;;;;;;x
PROV748;中东戍地;;;;;;;;;x
PROV749;中东己地;;;;;;;;;x
PROV750;大定;;;;;;;;;x
PROV751;临潢;;;;;;;;;x
PROV752;通辽;;;;;;;;;x
PROV753;渌地;;;;;;;;;x
PROV754;英地;;;;;;;;;x
PROV755;吉地;;;;;;;;;x
PROV756;泰地;;;;;;;;;x
PROV757;黄龙;;;;;;;;;x
PROV758;于阗;;;;;;;;;x
PROV759;乐浪;;;;;;;;;x
PROV760;临屯;;;;;;;;;x
PROV761;渠勒;;;;;;;;;x
PROV762;戎卢;;;;;;;;;x
PROV763;且末;;;;;;;;;x
PROV764;劫;;;;;;;;;x
PROV765;车师;;;;;;;;;x
PROV766;鬼兹;;;;;;;;;x
PROV767;姑墨;;;;;;;;;x
PROV768;温宿;;;;;;;;;x
PROV769;乌孙;;;;;;;;;x
PROV770;大宛;;;;;;;;;x
PROV771;楼兰;;;;;;;;;x
PROV772;G弥;;;;;;;;;x
PROV773;精绝;;;;;;;;;x
PROV774;匈奴聚集地1;;;;;;;;;x
PROV775;匈奴聚集地9;;;;;;;;;x
PROV776;匈奴聚集地17;;;;;;;;;x
PROV777;匈奴聚集地18;;;;;;;;;x
PROV778;匈奴聚集地5;;;;;;;;;x
PROV779;匈奴聚集地8;;;;;;;;;x
PROV780;匈奴聚集地7;;;;;;;;;x
PROV781;匈奴聚集地6;;;;;;;;;x
PROV782;匈奴聚集地11;;;;;;;;;x
PROV783;匈奴聚集地12;;;;;;;;;x
PROV784;匈奴聚集地2;;;;;;;;;x
PROV785;匈奴聚集地15;;;;;;;;;x
PROV786;匈奴聚集地3;;;;;;;;;x
PROV787;匈奴王庭;;;;;;;;;x
PROV788;匈奴聚集地4;;;;;;;;;x
PROV789;匈奴聚集地25;;;;;;;;;x
PROV790;匈奴聚集地13;;;;;;;;;x
PROV791;匈奴聚集地14;;;;;;;;;x
PROV792;匈奴聚集地16;;;;;;;;;x
PROV793;东胡聚集地1;;;;;;;;;x
PROV794;东胡聚集地2;;;;;;;;;x
PROV795;东胡王庭;;;;;;;;;x
PROV796;东胡聚集地6;;;;;;;;;x
PROV797;东胡聚集地5;;;;;;;;;x
PROV798;东胡聚集地7;;;;;;;;;x
PROV799;蛮夷之地25;;;;;;;;;x
PROV800;蛮夷之地26;;;;;;;;;x
PROV801;罗刹之地1;;;;;;;;;x
PROV802;罗刹之地2;;;;;;;;;x
PROV803;罗刹之地3;;;;;;;;;x
PROV804;罗刹之地4;;;;;;;;;x
PROV805;罗刹之地5;;;;;;;;;x
PROV806;罗刹之地6;;;;;;;;;x
PROV807;罗刹之地7;;;;;;;;;x
PROV808;罗刹之地8;;;;;;;;;x
PROV809;罗刹之地9;;;;;;;;;x
PROV810;罗刹之地10;;;;;;;;;x
PROV811;罗刹之地11;;;;;;;;;x
PROV812;罗刹之地12;;;;;;;;;x
PROV813;罗刹之地13;;;;;;;;;x
PROV814;罗刹之地14;;;;;;;;;x
PROV815;罗刹之地15;;;;;;;;;x
PROV816;罗刹之地16;;;;;;;;;x
PROV817;罗刹之地17;;;;;;;;;x
PROV818;罗刹之地18;;;;;;;;;x
PROV819;罗刹之地19;;;;;;;;;x
PROV820;罗刹之地20;;;;;;;;;x
PROV821;罗刹之地21;;;;;;;;;x
PROV822;罗刹之地22;;;;;;;;;x
PROV823;罗刹之地23;;;;;;;;;x
PROV824;罗刹之地24;;;;;;;;;x
PROV825;罗刹之地25;;;;;;;;;x
PROV826;罗刹之地26;;;;;;;;;x
PROV827;罗刹之地27;;;;;;;;;x
PROV828;罗刹之地28;;;;;;;;;x
PROV829;罗刹之地29;;;;;;;;;x
PROV830;罗刹之地30;;;;;;;;;x
PROV831;罗刹之地31;;;;;;;;;x
PROV832;高句丽;;;;;;;;;x
PROV833;上殷台;;;;;;;;;x
PROV834;纥升骨;;;;;;;;;x
PROV835;西盖马;;;;;;;;;x
PROV836;番汗;;;;;;;;;x
PROV837;夫租;;;;;;;;;x
PROV838;吞列;;;;;;;;;x
PROV839;乐浪;;;;;;;;;x
PROV840;昭明;;;;;;;;;x
PROV841;真番;;;;;;;;;x
PROV842;沧海;;;;;;;;;x
PROV843;临屯;;;;;;;;;x
PROV844;不而;;;;;;;;;x
PROV845;嵩山;;;;;;;;;x
PROV846;方城山;;;;;;;;;x
PROV847;大别山;;;;;;;;;x
PROV848;五岭;;;;;;;;;x
PROV849;汶山;;;;;;;;;x
PROV850;陇山;;;;;;;;;x
PROV851;邛g山;;;;;;;;;x
PROV852;武陵山;;;;;;;;;x
PROV853;沮洳山;;;;;;;;;x
PROV854;霍太山;;;;;;;;;x
PROV855;沔关;;;;;;;;;x
PROV856;梦;;;;;;;;;x
PROV857;垂葭;;;;;;;;;x
PROV858;笙渎;;;;;;;;;x
PROV859;莘;;;;;;;;;x
PROV860;毫;;;;;;;;;x
PROV861;葵丘;;;;;;;;;x
PROV862;洮;;;;;;;;;x
PROV863;清丘;;;;;;;;;x
PROV864;聂;;;;;;;;;x
PROV865;铁丘;;;;;;;;;x
PROV866;帝丘;;;;;;;;;x
PROV867;浚;;;;;;;;;x
PROV868;桑台;;;;;;;;;x
PROV869;蒲;;;;;;;;;x
PROV870;胙;;;;;;;;;x
PROV871;虚;;;;;;;;;x
PROV872;戏阳;;;;;;;;;x
PROV873;马陵;;;;;;;;;x
PROV874;沙鹿;;;;;;;;;x
PROV875;寒;;;;;;;;;x
PROV876;干侯;;;;;;;;;x
PROV877;林州;;;;;;;;;x
PROV878;百泉;;;;;;;;;x
PROV879;鹤壁;;;;;;;;;x
PROV880;牵;;;;;;;;;x
PROV881;高鱼;;;;;;;;;x
PROV882;须句;;;;;;;;;x
PROV883;d;;;;;;;;;x
PROV884;宿;;;;;;;;;x
PROV885;后;;;;;;;;;x
PROV886;京兹;;;;;;;;;x
PROV887;铸;;;;;;;;;x
PROV888;龙;;;;;;;;;x
PROV889;泰安;;;;;;;;;x
PROV890;长勺;;;;;;;;;x
PROV891;平洲;;;;;;;;;x
PROV892;阚;;;;;;;;;x
PROV893;咸丘;;;;;;;;;x
PROV894;梁丘;;;;;;;;;x
PROV895;极;;;;;;;;;x
PROV896;棠;;;;;;;;;x
PROV897;寺;;;;;;;;;x
PROV898;郎;;;;;;;;;x
PROV899;胡陵;;;;;;;;;x
PROV900;骀上;;;;;;;;;x
PROV901;滥;;;;;;;;;x
PROV902;犁;;;;;;;;;x
PROV903;绎;;;;;;;;;x
PROV904;负瑕;;;;;;;;;x
PROV905;吾;;;;;;;;;x
PROV906;丘舆;;;;;;;;;x
PROV907;东阳;;;;;;;;;x
PROV908;虚丘;;;;;;;;;x
PROV909;葛;;;;;;;;;x
PROV910;奚;;;;;;;;;x
PROV911;枣庄;;;;;;;;;x
PROV912;菟裘;;;;;;;;;x
PROV913;堂阜;;;;;;;;;x
PROV914;阳;;;;;;;;;x
PROV915;方;;;;;;;;;x
PROV916;桃丘;;;;;;;;;x
PROV917;上冥;;;;;;;;;x
PROV918;菅;;;;;;;;;x
PROV919;啮桑;;;;;;;;;x
PROV920;留;;;;;;;;;x
PROV921;吕;;;;;;;;;x
PROV922;城锆;;;;;;;;;x
PROV923;犬丘;;;;;;;;;x
PROV924;朝夹;;;;;;;;;x
PROV925;杨梁;;;;;;;;;x
PROV926;空桐;;;;;;;;;x
PROV927;首止;;;;;;;;;x
PROV928;大棘;;;;;;;;;x
PROV929;牛首;;;;;;;;;x
PROV930;圉;;;;;;;;;x
PROV931;亳州;;;;;;;;;x
PROV932;鸣雁;;;;;;;;;x
PROV933;幽;;;;;;;;;x
PROV934;翟;;;;;;;;;x
PROV935;夫于;;;;;;;;;x
PROV936;莱柞;;;;;;;;;x
PROV937;鲍;;;;;;;;;x
PROV938;平陵;;;;;;;;;x
PROV939;贝丘;;;;;;;;;x
PROV940;惠民;;;;;;;;;x
PROV941;德;;;;;;;;;x
PROV942;饶安;;;;;;;;;x
PROV943;平北;;;;;;;;;x
PROV944;晏;;;;;;;;;x
PROV945;石卯;;;;;;;;;x
PROV946;石门;;;;;;;;;x
PROV947;武平;;;;;;;;;x
PROV948;平舒;;;;;;;;;x
PROV949;武垣;;;;;;;;;x
PROV950;武遂;;;;;;;;;x
PROV951;乐成;;;;;;;;;x
PROV952;广平;;;;;;;;;x
PROV953;邢;;;;;;;;;x
PROV954;关;;;;;;;;;x
PROV955;石邑;;;;;;;;;x
PROV956;宜安;;;;;;;;;x
PROV957;栾;;;;;;;;;x
PROV958;宋子;;;;;;;;;x
PROV959;苦陉;;;;;;;;;x
PROV960;野台;;;;;;;;;x
PROV961;龙;;;;;;;;;x
PROV962;番吾;;;;;;;;;x
PROV963;信城;;;;;;;;;x
PROV964;清阳;;;;;;;;;x
PROV965;南宫;;;;;;;;;x
PROV966;缭;;;;;;;;;x
PROV980;临;;;;;;;;;x
PROV981;望都;;;;;;;;;x
PROV982;东阳;;;;;;;;;x
PROV983;邶殿;;;;;;;;;x
PROV984;邮裳;;;;;;;;;x
PROV985;东郓;;;;;;;;;x
PROV986;鄢陵;;;;;;;;;x
PROV987;且于;;;;;;;;;x
PROV988;蒲候氏;;;;;;;;;x
PROV989;渠丘;;;;;;;;;x
PROV990;祝丘;;;;;;;;;x
PROV991;幽丘;;;;;;;;;x
PROV992;宿迁;;;;;;;;;x
PROV993;善稻;;;;;;;;;x
PROV994;娄林;;;;;;;;;x
PROV995;良;;;;;;;;;x
PROV996;蒲隧;;;;;;;;;x
PROV997;鸣鹿;;;;;;;;;x
PROV998;厉;;;;;;;;;x
PROV999;柽;;;;;;;;;x
PROV1000;干溪;;;;;;;;;x
PROV1001;南顿;;;;;;;;;x
PROV1002;项;;;;;;;;;x
PROV1003;养;;;;;;;;;x
PROV1004;房钟;;;;;;;;;x
PROV1005;召陵;;;;;;;;;x
PROV1006;邓;;;;;;;;;x
PROV1007;平舆;;;;;;;;;x
PROV1008;桑隧;;;;;;;;;x
PROV1009;正阳;;;;;;;;;x
PROV1010;栎;;;;;;;;;x
PROV1011;弦;;;;;;;;;x
PROV1012;白;;;;;;;;;x
PROV1013;信阳;;;;;;;;;x
PROV1014;道;;;;;;;;;x
PROV1015;汝南;;;;;;;;;x
PROV1016;至;;;;;;;;;x
PROV1017;宿州;;;;;;;;;x
PROV1018;蒙城;;;;;;;;;x
PROV1019;祭;;;;;;;;;x
PROV1020;菟氏;;;;;;;;;x
PROV1021;绯;;;;;;;;;x
PROV1022;长葛;;;;;;;;;x
PROV1023;鄢;;;;;;;;;x
PROV1024;桐丘;;;;;;;;;x
PROV1025;皋鼬;;;;;;;;;x
PROV1026;栎;;;;;;;;;x
PROV1027;上棘;;;;;;;;;x
PROV1028;高氏;;;;;;;;;x
PROV1029;饶角;;;;;;;;;x
PROV1030;颍;;;;;;;;;x
PROV1031;践土;;;;;;;;;x
PROV1032;酸枣;;;;;;;;;x
PROV1033;黄池;;;;;;;;;x
PROV1034;制;;;;;;;;;x
PROV1035;京;;;;;;;;;x
PROV1036;怀;;;;;;;;;x
PROV1037;修武;;;;;;;;;x
PROV1038;于;;;;;;;;;x
PROV1039;攒;;;;;;;;;x
PROV1040;曲阳;;;;;;;;;x
PROV1041;王丰;;;;;;;;;x
PROV1042;蔷;;;;;;;;;x
PROV1043;莘;;;;;;;;;x
PROV1044;柏谷;;;;;;;;;x
PROV1045;桑田;;;;;;;;;x
PROV1046;下阳;;;;;;;;;x
PROV1047;冥;;;;;;;;;x
PROV1048;羁马;;;;;;;;;x
PROV1049;臼衰;;;;;;;;;x
PROV1050;荀;;;;;;;;;x
PROV1051;解梁;;;;;;;;;x
PROV1052;桑泉;;;;;;;;;x
PROV1053;王官;;;;;;;;;x
PROV1054;苦成;;;;;;;;;x
PROV1055;耿;;;;;;;;;x
PROV1056;冀;;;;;;;;;x
PROV1057;稷;;;;;;;;;x
PROV1058;左邑;;;;;;;;;x
PROV1059;周阳;;;;;;;;;x
PROV1060;聚;;;;;;;;;x
PROV1061;陉庭;;;;;;;;;x
PROV1062;家谷;;;;;;;;;x
PROV1063;贾;;;;;;;;;x
PROV1064;高粱;;;;;;;;;x
PROV1065;郜;;;;;;;;;x
PROV1066;垂棘;;;;;;;;;x
PROV1067;霍;;;;;;;;;x
PROV1068;阴;;;;;;;;;x
PROV1069;昆阳;;;;;;;;;x
PROV1070;舞阳;;;;;;;;;x
PROV1071;不羹;;;;;;;;;x
PROV1072;吕;;;;;;;;;x
PROV1073;育阳;;;;;;;;;x
PROV1074;谢;;;;;;;;;x
PROV1075;泌阳;;;;;;;;;x
PROV1076;卷;;;;;;;;;x
PROV1077;申武城;;;;;;;;;x
PROV1078;新野;;;;;;;;;x
PROV1079;襄阳;;;;;;;;;x
PROV1080;蓝;;;;;;;;;x
PROV1081;成臼;;;;;;;;;x
PROV1082;那处;;;;;;;;;x
PROV1083;当阳;;;;;;;;;x
PROV1084;选;;;;;;;;;x
PROV1085;召;;;;;;;;;x
PROV1086;千渭之会;;;;;;;;;x
PROV1087;秦平阳;;;;;;;;;x
PROV1088;千;;;;;;;;;x
PROV1089;d;;;;;;;;;x
PROV1090;骀;;;;;;;;;x
PROV1091;中都;;;;;;;;;x
PROV1092;平陶;;;;;;;;;x
PROV1093;梗阳;;;;;;;;;x
PROV1094;涂水;;;;;;;;;x
PROV1095;萁城;;;;;;;;;x
PROV1096;悬雍山;;;;;;;;;x
PROV1097;凿台;;;;;;;;;x
PROV1098;荧庭;;;;;;;;;x
PROV1099;端氏;;;;;;;;;x
PROV1100;光狼城;;;;;;;;;x
PROV1101;皋落;;;;;;;;;x
PROV1102;泫氏;;;;;;;;;x
PROV1103;上艾;;;;;;;;;x
PROV1104;虑邑;;;;;;;;;x
PROV1105;卤城;;;;;;;;;x
PROV1106;阏与;;;;;;;;;x
PROV1107;辽阳;;;;;;;;;x
PROV1108;涅;;;;;;;;;x
PROV1109;余吾;;;;;;;;;x
PROV1110;冶父;;;;;;;;;x
PROV1111;脾泄;;;;;;;;;x
PROV1112;湫;;;;;;;;;x
PROV1113;罗;;;;;;;;;x
PROV1114;秦;;;;;;;;;x
PROV1115;略阳;;;;;;;;;x
PROV1116;褒中;;;;;;;;;x
PROV1117;安阳;;;;;;;;;x
PROV1118;白河;;;;;;;;;x
PROV1119;长利;;;;;;;;;x
PROV1120;武陵;;;;;;;;;x
PROV1121;北丰;;;;;;;;;x
PROV1122;平郭;;;;;;;;;x
PROV1123;安市;;;;;;;;;x
PROV1124;新昌;;;;;;;;;x
PROV1125;辽队;;;;;;;;;x
PROV1126;居就;;;;;;;;;x
PROV1127;辽阳;;;;;;;;;x
PROV1128;望平;;;;;;;;;x
PROV1129;高显;;;;;;;;;x
PROV1130;无虑;;;;;;;;;x
PROV1131;险渎;;;;;;;;;x
PROV1132;扶黎;;;;;;;;;x
PROV1133;昌黎;;;;;;;;;x
PROV1134;徒河;;;;;;;;;x
PROV1135;玄菟;;;;;;;;;x
PROV1136;丸都;;;;;;;;;x
PROV1137;国内城;;;;;;;;;x
PROV1138;长岑;;;;;;;;;x
PROV1139;列口;;;;;;;;;x
PROV1140;海冥;;;;;;;;;x
PROV1141;屯有;;;;;;;;;x
PROV1142;带方;;;;;;;;;x
PROV1143;含资;;;;;;;;;x
PROV1144;提奚;;;;;;;;;x
PROV1145;增地;;;;;;;;;x
PROV1146;浑弥;;;;;;;;;x
PROV1147;冉邯;;;;;;;;;x
PROV1148;遂城;;;;;;;;;x
PROV1149;占蝉;;;;;;;;;x
PROV1150;泗望;;;;;;;;;x
PROV1151;镂方;;;;;;;;;x
PROV1152;贝水;;;;;;;;;x
PROV1153;邪头昧;;;;;;;;;x
PROV1154;火山小岛0;;;;;;;;;x
PROV1155;前莫;;;;;;;;;x
PROV1156;蚕台;;;;;;;;;x
PROV1157;俊靡;;;;;;;;;x
PROV1158;肥如;;;;;;;;;x
PROV1159;临渝;;;;;;;;;x
PROV1160;江乘;;;;;;;;;x
PROV1161;胡孰;;;;;;;;;x
PROV1162;句容;;;;;;;;;x
PROV1163;石城;;;;;;;;;x
PROV1164;粟阳;;;;;;;;;x
PROV1165;春谷;;;;;;;;;x
PROV1166;泾县;;;;;;;;;x
PROV1167;海盐;;;;;;;;;x
PROV1168;余杭;;;;;;;;;x
PROV1169;富春;;;;;;;;;x
PROV1170;余既;;;;;;;;;x
PROV1171;上虞;;;;;;;;;x
PROV1172;余姚;;;;;;;;;x
PROV1173;贸县;;;;;;;;;x
PROV1174;剡县;;;;;;;;;x
PROV1175;沓中;;;;;;;;;x
PROV1176;桥头;;;;;;;;;x
PROV1177;阳安关;;;;;;;;;x
PROV1178;关城;;;;;;;;;x
PROV1179;剑阁;;;;;;;;;x
PROV1180;定军山;;;;;;;;;x
PROV1181;涪县;;;;;;;;;x
PROV1182;雒县;;;;;;;;;x
PROV1183;新都;;;;;;;;;x
PROV1184;广都;;;;;;;;;x
PROV1185;江原;;;;;;;;;x
PROV1186;广汉;;;;;;;;;x
PROV1187;安汉;;;;;;;;;x
PROV1188;牛革卑;;;;;;;;;x
PROV1189;汉昌;;;;;;;;;x
PROV1190;宣汉;;;;;;;;;x
PROV1191;鱼复;;;;;;;;;x
PROV1192;汉安;;;;;;;;;x
PROV1193;繁县;;;;;;;;;x
PROV1194;什邡;;;;;;;;;x
PROV1195;籍姑;;;;;;;;;x
PROV1196;繁庞;;;;;;;;;x
PROV1197;元里;;;;;;;;;x
PROV1198;汪;;;;;;;;;x
PROV1199;辅氏;;;;;;;;;x
PROV1200;怀德;;;;;;;;;x
PROV1201;下;;;;;;;;;x
PROV1202;阴晋;;;;;;;;;x
PROV1203;翟道;;;;;;;;;x
PROV1204;漆垣;;;;;;;;;x
PROV1205;东陵;;;;;;;;;x
PROV1206;金兰;;;;;;;;;x
PROV1207;蕲春;;;;;;;;;x
PROV1208;寻阳;;;;;;;;;x
PROV1209;松兹;;;;;;;;;x
PROV1210;下雉;;;;;;;;;x
PROV1211;成德;;;;;;;;;x
PROV1212;当涂;;;;;;;;;x
PROV1213;曲阳;;;;;;;;;x
PROV1214;阴陵;;;;;;;;;x
PROV1215;全椒;;;;;;;;;x
PROV1216;建阳;;;;;;;;;x
PROV1217;枞阳;;;;;;;;;x
PROV1218;浚遒;;;;;;;;;x
PROV1219;乌秆;;;;;;;;;x
PROV1220;西夜;;;;;;;;;x
PROV1221;子合;;;;;;;;;x
PROV1222;蒲犁;;;;;;;;;x
PROV1223;依耐;;;;;;;;;x
PROV1224;小宛;;;;;;;;;x
PROV1225;无雷;;;;;;;;;x
PROV1226;桃槐;;;;;;;;;x
PROV1227;休循;;;;;;;;;x
PROV1228;捐毒;;;;;;;;;x
PROV1229;莎车;;;;;;;;;x
PROV1230;疏勒;;;;;;;;;x
PROV1231;尉头;;;;;;;;;x
PROV1232;危须;;;;;;;;;x
PROV1233;焉耆;;;;;;;;;x
PROV1234;墨山;;;;;;;;;x
PROV1235;狐胡;;;;;;;;;x
PROV1236;渠犁;;;;;;;;;x
PROV1237;黄河天险;;;;;;;;;x
PROV1238;中条山;;;;;;;;;x
PROV1239;五莲山;;;;;;;;;x
PROV1240;大洪山;;;;;;;;;x
PROV1241;桐柏山;;;;;;;;;x
PROV1242;黄河天险;;;;;;;;;x
PROV1243;黄河天险;;;;;;;;;x
PROV1244;蒙山;;;;;;;;;x
PROV1245;沂山;;;;;;;;;x
PROV1246;黄河天险;;;;;;;;;x
PROV1247;山川平原;;;;;;;;;x
PROV1248;山川平原;;;;;;;;;x
PROV1249;山川平原;;;;;;;;;x
PROV1250;山川平原;;;;;;;;;x
PROV1251;山川平原;;;;;;;;;x
PROV1252;山川平原;;;;;;;;;x
PROV1253;山川平原;;;;;;;;;x
PROV1254;山川平原;;;;;;;;;x
PROV1255;山川平原;;;;;;;;;x
PROV1256;山川平原;;;;;;;;;x
PROV1257;山川平原;;;;;;;;;x
PROV1258;山川平原;;;;;;;;;x
PROV1259;山川平原;;;;;;;;;x
PROV1260;山川平原;;;;;;;;;x
PROV1261;山川平原;;;;;;;;;x
PROV1262;阆中;;;;;;;;;x
PROV1263;山川平原;;;;;;;;;x
PROV1264;山川平原;;;;;;;;;x
PROV1265;山川平原;;;;;;;;;x
PROV1266;山川平原;;;;;;;;;x
PROV1267;山川平原;;;;;;;;;x
PROV1268;山川平原;;;;;;;;;x
PROV1269;山川平原;;;;;;;;;x
PROV1270;山川平原;;;;;;;;;x
PROV1271;山川平原;;;;;;;;;x
PROV1272;山川平原;;;;;;;;;x
PROV1273;山川平原;;;;;;;;;x
PROV1274;山川平原;;;;;;;;;x
PROV1275;威戎;;;;;;;;;x
PROV1276;山川平原;;;;;;;;;x
PROV1277;山川平原;;;;;;;;;x
PROV1278;山川平原;;;;;;;;;x
PROV1279;山川平原;;;;;;;;;x
PROV1280;山川平原;;;;;;;;;x
PROV1281;山川平原;;;;;;;;;x
PROV1282;山川平原;;;;;;;;;x
PROV1283;山川平原;;;;;;;;;x
PROV1284;山川平原;;;;;;;;;x
PROV1285;山川平原;;;;;;;;;x
PROV1286;山川平原;;;;;;;;;x
PROV1287;山川平原;;;;;;;;;x
PROV1288;山川平原;;;;;;;;;x
PROV1289;山川平原;;;;;;;;;x
PROV1290;山川平原;;;;;;;;;x
PROV1291;山川平原;;;;;;;;;x
PROV1292;山川平原;;;;;;;;;x
PROV1293;火山小岛1;;;;;;;;;x
PROV1294;火山小岛2;;;;;;;;;x
PROV1295;火山小岛3;;;;;;;;;x
PROV1296;火山小岛4;;;;;;;;;x
PROV1297;火山小岛5;;;;;;;;;x
PROV1298;火山小岛6;;;;;;;;;x
PROV1299;火山小岛7;;;;;;;;;x
PROV1300;火山小岛8;;;;;;;;;x
PROV1301;火山小岛9;;;;;;;;;x
PROV1302;火山小岛10;;;;;;;;;x
PROV1303;火山小岛11;;;;;;;;;x
PROV1304;火山小岛12;;;;;;;;;x
PROV1305;火山小岛13;;;;;;;;;x
PROV1306;火山小岛14;;;;;;;;;x
PROV1307;火山小岛15;;;;;;;;;x
PROV1308;火山小岛16;;;;;;;;;x
PROV1309;火山小岛17;;;;;;;;;x
PROV1310;火山小岛18;;;;;;;;;x
PROV1311;火山小岛19;;;;;;;;;x
PROV1312;火山小岛20;;;;;;;;;x
PROV1313;火山小岛21;;;;;;;;;x
PROV1314;火山小岛22;;;;;;;;;x
PROV1315;火山小岛23;;;;;;;;;x
PROV1316;火山小岛24;;;;;;;;;x
PROV1317;火山小岛25;;;;;;;;;x
PROV1318;火山小岛26;;;;;;;;;x
PROV1319;火山小岛27;;;;;;;;;x
PROV1320;火山小岛28;;;;;;;;;x
PROV1321;火山小岛29;;;;;;;;;x
PROV1322;火山小岛30;;;;;;;;;x
PROV1323;火山小岛31;;;;;;;;;x
PROV1324;火山小岛32;;;;;;;;;x
PROV1325;火山小岛33;;;;;;;;;x
PROV1326;火山小岛34;;;;;;;;;x
PROV1327;火山小岛35;;;;;;;;;x
PROV1328;火山小岛36;;;;;;;;;x
PROV1329;火山小岛37;;;;;;;;;x
PROV1330;火山小岛38;;;;;;;;;x
PROV1331;火山小岛39;;;;;;;;;x
PROV1332;火山小岛40;;;;;;;;;x
PROV1333;火山小岛41;;;;;;;;;x
PROV1334;火山小岛42;;;;;;;;;x
PROV1335;火山小岛43;;;;;;;;;x
PROV1336;火山小岛44;;;;;;;;;x
PROV1337;火山小岛45;;;;;;;;;x
PROV1338;火山小岛46;;;;;;;;;x
PROV1339;火山小岛47;;;;;;;;;x
PROV1340;火山小岛48;;;;;;;;;x
PROV1341;火山小岛49;;;;;;;;;x
PROV1342;火山小岛50;;;;;;;;;x
PROV1343;火山小岛51;;;;;;;;;x
PROV1344;火山小岛52;;;;;;;;;x
PROV1345;火山小岛53;;;;;;;;;x
PROV1346;火山小岛54;;;;;;;;;x
PROV1347;火山小岛55;;;;;;;;;x
PROV1348;火山小岛56;;;;;;;;;x
PROV1349;火山小岛57;;;;;;;;;x
PROV1350;火山小岛58;;;;;;;;;x
PROV1351;火山小岛59;;;;;;;;;x
PROV1352;火山小岛60;;;;;;;;;x
PROV1353;火山小岛61;;;;;;;;;x
PROV1354;火山小岛62;;;;;;;;;x
PROV1355;火山小岛63;;;;;;;;;x
PROV1356;火山小岛64;;;;;;;;;x
PROV1357;火山小岛65;;;;;;;;;x
PROV1358;火山小岛66;;;;;;;;;x
PROV1359;火山小岛67;;;;;;;;;x
PROV1360;火山小岛68;;;;;;;;;x
PROV1361;火山小岛69;;;;;;;;;x
PROV1362;火山小岛70;;;;;;;;;x
PROV1363;火山小岛71;;;;;;;;;x
PROV1364;火山小岛72;;;;;;;;;x
PROV1365;火山小岛73;;;;;;;;;x
PROV1366;未知海域;;;;;;;;;x
PROV1367;未知海域;;;;;;;;;x
PROV1368;未知海域;;;;;;;;;x
PROV1369;未知海域;;;;;;;;;x
PROV1370;未知海域;;;;;;;;;x
PROV1371;未知海域;;;;;;;;;x
PROV1372;未知海域;;;;;;;;;x
PROV1373;未知海域;;;;;;;;;x
PROV1374;未知海域;;;;;;;;;x
PROV1375;未知海域;;;;;;;;;x
PROV1376;未知海域;;;;;;;;;x
PROV1377;未知海域;;;;;;;;;x
PROV1378;未知海域;;;;;;;;;x
PROV1379;未知海域;;;;;;;;;x
PROV1380;未知海域;;;;;;;;;x
PROV1381;未知海域;;;;;;;;;x
PROV1382;未知海域;;;;;;;;;x
PROV1383;未知海域;;;;;;;;;x
PROV1384;未知海域;;;;;;;;;x
PROV1385;未知海域;;;;;;;;;x
PROV1386;未知海域;;;;;;;;;x
PROV1387;未知海域;;;;;;;;;x
PROV1388;未知海域;;;;;;;;;x
PROV1389;未知海域;;;;;;;;;x
PROV1390;未知海域;;;;;;;;;x
PROV1391;未知海域;;;;;;;;;x
PROV1392;未知海域;;;;;;;;;x
PROV1393;未知海域;;;;;;;;;x
PROV1394;未知海域;;;;;;;;;x
PROV1395;未知海域;;;;;;;;;x
PROV1396;未知海域;;;;;;;;;x
PROV1397;未知海域;;;;;;;;;x
PROV1398;未知海域;;;;;;;;;x
PROV1399;未知海域;;;;;;;;;x
PROV1400;未知海域;;;;;;;;;x
PROV1401;未知海域;;;;;;;;;x
PROV1402;未知海域;;;;;;;;;x
PROV1403;未知海域;;;;;;;;;x
PROV1404;未知海域;;;;;;;;;x
PROV1405;未知海域;;;;;;;;;x
PROV1406;未知海域;;;;;;;;;x
PROV1407;未知海域;;;;;;;;;x
PROV1408;未知海域;;;;;;;;;x
PROV1409;未知海域;;;;;;;;;x
PROV1410;未知海域;;;;;;;;;x
PROV1411;未知海域;;;;;;;;;x
PROV1412;未知海域;;;;;;;;;x
PROV1413;未知海域;;;;;;;;;x
PROV1414;未知海域;;;;;;;;;x
PROV1415;未知海域;;;;;;;;;x
PROV1416;未知海域;;;;;;;;;x
PROV1417;未知海域;;;;;;;;;x
PROV1418;未知海域;;;;;;;;;x
PROV1419;未知海域;;;;;;;;;x
PROV1420;未知海域;;;;;;;;;x
PROV1421;未知海域;;;;;;;;;x
PROV1422;未知海域;;;;;;;;;x
PROV1423;未知海域;;;;;;;;;x
PROV1424;未知海域;;;;;;;;;x
PROV1425;未知海域;;;;;;;;;x
PROV1426;未知海域;;;;;;;;;x
PROV1427;未知海域;;;;;;;;;x
PROV1428;未知海域;;;;;;;;;x
PROV1429;未知海域;;;;;;;;;x
PROV1430;未知海域;;;;;;;;;x
PROV1431;未知海域;;;;;;;;;x
PROV1432;未知海域;;;;;;;;;x
PROV1433;未知海域;;;;;;;;;x
PROV1434;未知海域;;;;;;;;;x
PROV1435;未知海域;;;;;;;;;x
PROV1436;未知海域;;;;;;;;;x
PROV1437;未知海域;;;;;;;;;x
PROV1438;未知海域;;;;;;;;;x
PROV1439;未知海域;;;;;;;;;x
PROV1440;未知海域;;;;;;;;;x
PROV1441;未知海域;;;;;;;;;x
PROV1442;未知海域;;;;;;;;;x
PROV1443;未知海域;;;;;;;;;x
PROV1444;未知海域;;;;;;;;;x
PROV1445;未知海域;;;;;;;;;x
PROV1446;未知海域;;;;;;;;;x
PROV1447;未知海域;;;;;;;;;x
PROV1448;未知海域;;;;;;;;;x
PROV1449;未知海域;;;;;;;;;x
PROV1450;未知海域;;;;;;;;;x
PROV1451;未知海域;;;;;;;;;x
PROV1452;未知海域;;;;;;;;;x
PROV1453;未知海域;;;;;;;;;x
PROV1454;未知海域;;;;;;;;;x
PROV1455;未知海域;;;;;;;;;x
PROV1456;未知海域;;;;;;;;;x
PROV1457;未知海域;;;;;;;;;x
PROV1458;未知海域;;;;;;;;;x
PROV1459;未知海域;;;;;;;;;x
PROV1460;未知海域;;;;;;;;;x
PROV1461;未知海域;;;;;;;;;x
PROV1462;未知海域;;;;;;;;;x
PROV1463;未知海域;;;;;;;;;x
PROV1464;未知海域;;;;;;;;;x
PROV1465;未知海域;;;;;;;;;x
PROV1466;未知海域;;;;;;;;;x
PROV1467;未知海域;;;;;;;;;x
PROV1468;未知海域;;;;;;;;;x
PROV1469;未知海域;;;;;;;;;x
PROV1470;未知海域;;;;;;;;;x
PROV1471;未知海域;;;;;;;;;x
PROV1472;未知海域;;;;;;;;;x
PROV1473;未知海域;;;;;;;;;x
PROV1474;未知海域;;;;;;;;;x
PROV1475;火山小岛74;;;;;;;;;x
PROV1476;未知海域;;;;;;;;;x
PROV1477;山川丛林1;;;;;;;;;x
PROV1478;山川丛林2;;;;;;;;;x
PROV1479;山川丛林3;;;;;;;;;x
PROV1480;山川丛林4;;;;;;;;;x
PROV1481;川江;;;;;;;;;x